quantile_rank,OBS,MSWEP,GLM,UNET,VIT,CNN
0.0,1.0,1.0,1.0051029,1.0027645,1.007887,1.0105104
0.001001001001001001,1.0,1.0,1.0051029,1.0027645,1.007887,1.0105104
0.002002002002002002,1.0,1.0,1.0051029,1.0027645,1.0101992,1.0105104
0.003003003003003003,1.0,1.0,1.0052975,1.0098784,1.0104426,1.0190022
0.004004004004004004,1.0,1.0,1.0052975,1.0098784,1.0104426,1.0190022
0.005005005005005005,1.0,1.0,1.0053844,1.0105805,1.0129056,1.0199326
0.006006006006006006,1.0,1.0,1.0053844,1.0105805,1.0152042,1.0199326
0.007007007007007007,1.0,1.0,1.0053844,1.0105805,1.0152042,1.0321453
0.008008008008008008,1.0,1.0,1.0064949,1.0108305,1.024389,1.0321453
0.009009009009009009,1.0,1.0,1.0064949,1.0108305,1.0266125,1.0321453
0.01001001001001001,1.0,1.0,1.0121106,1.0143148,1.0266125,1.0384353
0.011011011011011011,1.0,1.0,1.0121106,1.0143148,1.0295221,1.0384353
0.012012012012012012,1.0,1.0,1.0122135,1.0143148,1.0310386,1.0561937
0.013013013013013013,1.0,1.0,1.0122135,1.0281007,1.0335256,1.0561937
0.014014014014014014,1.0,1.0,1.0122135,1.0281007,1.0335256,1.0564917
0.015015015015015015,1.0,1.0,1.0167615,1.0326375,1.0416045,1.0564917
0.016016016016016016,1.0,1.0,1.0167615,1.0326375,1.0430186,1.0564917
0.017017017017017015,1.0,1.0,1.0171682,1.0326375,1.0430186,1.07224
0.018018018018018018,1.0,1.0,1.0171682,1.034228,1.0433475,1.07224
0.01901901901901902,1.0,1.0,1.0171682,1.034228,1.0549297,1.0730546
0.02002002002002002,1.0,1.0,1.0177953,1.0367177,1.0549297,1.0730546
0.02102102102102102,1.0,1.0,1.0177953,1.0367177,1.057414,1.0803365
0.022022022022022022,1.0,1.0,1.0179672,1.0367177,1.058989,1.0803365
0.023023023023023025,1.0,1.0,1.0179672,1.0392104,1.0599505,1.0803365
0.024024024024024024,1.0,1.0,1.0186714,1.0392104,1.0599505,1.0834125
0.025025025025025023,1.0,1.0,1.0186714,1.050167,1.0603622,1.0834125
0.026026026026026026,1.0,1.0,1.0186714,1.050167,1.0628966,1.0867928
0.02702702702702703,1.0,1.0,1.0201324,1.050167,1.0628966,1.0867928
0.028028028028028028,1.0,1.0,1.0201324,1.0681543,1.0644196,1.09761
0.029029029029029027,1.0,1.0,1.0212,1.0681543,1.066562,1.09761
0.03003003003003003,1.0,1.0,1.0212,1.0714246,1.066562,1.09761
0.031031031031031032,1.0,1.0,1.0259715,1.0714246,1.0669502,1.0977618
0.03203203203203203,1.0,1.0,1.0259715,1.0714246,1.0671395,1.0977618
0.03303303303303303,1.1,1.0,1.0259715,1.0747433,1.0741335,1.1093572
0.03403403403403403,1.1,1.0,1.027908,1.0747433,1.0741335,1.1093572
0.035035035035035036,1.1,1.0,1.027908,1.0768372,1.0744047,1.1119474
0.036036036036036036,1.1,1.0,1.0309434,1.0768372,1.0761193,1.1119474
0.037037037037037035,1.1,1.0,1.0309434,1.0768372,1.0761193,1.1119474
0.03803803803803804,1.1,1.0,1.0309434,1.0769638,1.0818498,1.1148757
0.03903903903903904,1.1,1.0,1.043522,1.0769638,1.0831517,1.1148757
0.04004004004004004,1.1,1.0,1.043522,1.07842,1.0831517,1.1379571
0.04104104104104104,1.1,1.0,1.045246,1.07842,1.0921578,1.1379571
0.04204204204204204,1.1,1.0,1.045246,1.07842,1.0956596,1.1396312
0.043043043043043044,1.1,1.0,1.0459292,1.078715,1.1010273,1.1396312
0.044044044044044044,1.1,1.0,1.0459292,1.078715,1.1010273,1.1396312
0.04504504504504504,1.1,1.0,1.0459292,1.0947359,1.1028486,1.1403433
0.04604604604604605,1.1,1.0,1.0529777,1.0947359,1.1047062,1.1403433
0.04704704704704705,1.1,1.0,1.0529777,1.0947359,1.1047062,1.1495006
0.04804804804804805,1.1,1.0,1.0555339,1.1011631,1.1048634,1.1495006
0.04904904904904905,1.1,1.0,1.0555339,1.1011631,1.1094745,1.1546854
0.050050050050050046,1.1,1.0,1.0555339,1.1154242,1.1094745,1.1546854
0.05105105105105105,1.1,1.0,1.0579764,1.1154242,1.1133013,1.1567613
0.05205205205205205,1.1,1.0,1.0579764,1.1154242,1.1135242,1.1567613
0.05305305305305305,1.1,1.0,1.0590945,1.1194578,1.1255516,1.1567613
0.05405405405405406,1.1,1.0,1.0590945,1.1194578,1.1255516,1.1569855
0.055055055055055056,1.2,1.0625,1.060184,1.1236386,1.1275827,1.1569855
0.056056056056056056,1.2,1.0625,1.060184,1.1236386,1.129307,1.1594957
0.057057057057057055,1.2,1.0625,1.060184,1.1236386,1.129307,1.1594957
0.058058058058058054,1.2,1.0625,1.0605186,1.1246425,1.130883,1.1698546
0.05905905905905906,1.2,1.0625,1.0605186,1.1246425,1.1319468,1.1698546
0.06006006006006006,1.2,1.0625,1.0610096,1.1260514,1.1319468,1.1698546
0.06106106106106106,1.2,1.0625,1.0610096,1.1260514,1.1351918,1.1700925
0.062062062062062065,1.2,1.0625,1.0631973,1.1260514,1.1359004,1.1700925
0.06306306306306306,1.2,1.0625,1.0631973,1.1284432,1.1377882,1.1815393
0.06406406406406406,1.2,1.0625,1.0631973,1.1284432,1.1377882,1.1815393
0.06506506506506507,1.2,1.0625,1.0659877,1.1335137,1.1396707,1.1910882
0.06606606606606606,1.2,1.0625,1.0659877,1.1335137,1.1444806,1.1910882
0.06706706706706707,1.2,1.0625,1.0738188,1.1335137,1.1444806,1.1910882
0.06806806806806806,1.2,1.0625,1.0738188,1.135718,1.1474584,1.1912761
0.06906906906906907,1.2,1.0625,1.0738188,1.135718,1.1483094,1.1912761
0.07007007007007007,1.3,1.0625,1.0738487,1.1472743,1.1483094,1.2006807
0.07107107107107107,1.3,1.0625,1.0738487,1.1472743,1.1485585,1.2006807
0.07207207207207207,1.3,1.0625,1.0751427,1.1472743,1.1502007,1.2035019
0.07307307307307308,1.3,1.0625,1.0751427,1.1536878,1.1570787,1.2035019
0.07407407407407407,1.3,1.0625,1.0756052,1.1536878,1.1570787,1.2035019
0.07507507507507508,1.3,1.0625,1.0756052,1.1555791,1.1605775,1.2089727
0.07607607607607608,1.3,1.0625,1.0756052,1.1555791,1.162154,1.2089727
0.07707707707707707,1.3,1.0625,1.0764047,1.1555791,1.162154,1.2097089
0.07807807807807808,1.3,1.0625,1.0764047,1.1634014,1.1633736,1.2097089
0.07907907907907907,1.3,1.0625,1.0807738,1.1634014,1.1646835,1.2153691
0.08008008008008008,1.3,1.0625,1.0807738,1.1866865,1.1646835,1.2153691
0.08108108108108109,1.3,1.0625,1.0807738,1.1866865,1.1695735,1.2153691
0.08208208208208208,1.3,1.0625,1.0811532,1.1866865,1.1711029,1.2176578
0.08308308308308308,1.3,1.0625,1.0811532,1.1873443,1.1711029,1.2176578
0.08408408408408408,1.3,1.0625,1.0812068,1.1873443,1.172769,1.219211
0.08508508508508508,1.3,1.0625,1.0812068,1.1874284,1.1760057,1.219211
0.08608608608608609,1.3,1.0625,1.0865064,1.1874284,1.1837192,1.2215607
0.08708708708708708,1.3,1.0625,1.0865064,1.1874284,1.1837192,1.2215607
0.08808808808808809,1.4,1.0625,1.0865064,1.1936044,1.1842356,1.2215607
0.0890890890890891,1.4,1.0625,1.0900875,1.1936044,1.1851759,1.2255269
0.09009009009009009,1.4,1.0625,1.0900875,1.1942087,1.1851759,1.2255269
0.09109109109109109,1.4,1.0625,1.0918797,1.1942087,1.1931579,1.2297353
0.0920920920920921,1.4,1.0625,1.0918797,1.1942087,1.1968638,1.2297353
0.09309309309309309,1.4,1.0625,1.099675,1.1991966,1.1968638,1.2308599
0.0940940940940941,1.4,1.0625,1.099675,1.1991966,1.198242,1.2308599
0.09509509509509509,1.4,1.0625,1.099675,1.200347,1.204371,1.2308599
0.0960960960960961,1.4,1.0625,1.1029512,1.200347,1.205786,1.2330736
0.0970970970970971,1.4,1.0625,1.1029512,1.200347,1.205786,1.2330736
0.0980980980980981,1.4,1.125,1.1134667,1.2066853,1.2099754,1.2346102
0.0990990990990991,1.4,1.125,1.1134667,1.2066853,1.2125832,1.2346102
0.10010010010010009,1.4,1.125,1.1134667,1.2159445,1.2125832,1.2449307
0.1011011011011011,1.4,1.125,1.1137986,1.2159445,1.2151755,1.2449307
0.1021021021021021,1.4,1.125,1.1137986,1.2159445,1.2159928,1.2466724
0.1031031031031031,1.4,1.125,1.1144059,1.2202164,1.2159928,1.2466724
0.1041041041041041,1.4,1.125,1.1144059,1.2202164,1.2173777,1.2466724
0.10510510510510511,1.4,1.125,1.1288202,1.2262278,1.2185771,1.2587965
0.1061061061061061,1.4,1.125,1.1288202,1.2262278,1.2207683,1.2587965
0.10710710710710711,1.4,1.125,1.1288202,1.2262278,1.2207683,1.2615494
0.10810810810810811,1.4,1.125,1.1303502,1.2371309,1.2270511,1.2615494
0.1091091091091091,1.4,1.125,1.1303502,1.2371309,1.2297306,1.2742304
0.11011011011011011,1.4,1.125,1.1329364,1.2476151,1.2297306,1.2742304
0.1111111111111111,1.4,1.125,1.1329364,1.2476151,1.2311262,1.2742304
0.11211211211211211,1.4,1.125,1.1329364,1.2476151,1.245314,1.2762133
0.11311311311311312,1.4,1.125,1.1443477,1.2540562,1.245314,1.2762133
0.11411411411411411,1.5,1.125,1.1443477,1.2540562,1.2489569,1.2883798
0.11511511511511512,1.5,1.125,1.1451244,1.2748047,1.2495985,1.2883798
0.11611611611611611,1.5,1.125,1.1451244,1.2748047,1.2624552,1.2984279
0.11711711711711711,1.5,1.125,1.1492497,1.2748047,1.2624552,1.2984279
0.11811811811811812,1.5,1.125,1.1492497,1.2774912,1.2666792,1.2984279
0.11911911911911911,1.5,1.125,1.1492497,1.2774912,1.268162,1.3002509
0.12012012012012012,1.5,1.125,1.1500129,1.3095744,1.268162,1.3002509
0.12112112112112113,1.5,1.125,1.1500129,1.3095744,1.269222,1.3031796
0.12212212212212212,1.5,1.125,1.1513532,1.3095744,1.2763907,1.3031796
0.12312312312312312,1.5,1.125,1.1513532,1.3295827,1.2763907,1.3056306
0.12412412412412413,1.5,1.125,1.1596636,1.3295827,1.2770262,1.3056306
0.12512512512512514,1.5,1.125,1.1596636,1.331377,1.2776887,1.3056306
0.12612612612612611,1.5,1.125,1.1596636,1.331377,1.2783492,1.3063282
0.12712712712712712,1.5,1.125,1.1639038,1.331377,1.2783492,1.3063282
0.12812812812812813,1.5,1.125,1.1639038,1.3330222,1.2828721,1.3250314
0.12912912912912913,1.5,1.125,1.1716435,1.3330222,1.2892234,1.3250314
0.13013013013013014,1.5,1.125,1.1716435,1.3472143,1.2892234,1.3519223
0.13113113113113112,1.5,1.125,1.1716435,1.3472143,1.2963549,1.3519223
0.13213213213213212,1.5,1.125,1.1730728,1.3472143,1.2988935,1.3519223
0.13313313313313313,1.5,1.125,1.1730728,1.3508178,1.2988935,1.3570775
0.13413413413413414,1.5,1.125,1.1751333,1.3508178,1.302393,1.3570775
0.13513513513513514,1.5,1.125,1.1751333,1.3518479,1.3096398,1.359067
0.13613613613613612,1.5,1.125,1.1791964,1.3518479,1.3124021,1.359067
0.13713713713713713,1.5,1.1875,1.1791964,1.3518479,1.3124021,1.362816
0.13813813813813813,1.5,1.1875,1.1791964,1.3685946,1.3134747,1.362816
0.13913913913913914,1.5,1.1875,1.1841776,1.3685946,1.3156652,1.362816
0.14014014014014015,1.5,1.1875,1.1841776,1.3727642,1.3156652,1.365981
0.14114114114114115,1.5,1.1875,1.1841798,1.3727642,1.3187217,1.365981
0.14214214214214213,1.5,1.1875,1.1841798,1.3727642,1.324562,1.3746945
0.14314314314314314,1.5,1.1875,1.1841798,1.3728081,1.324562,1.3746945
0.14414414414414414,1.5,1.1875,1.1863865,1.3728081,1.3262937,1.3787816
0.14514514514514515,1.5,1.1875,1.1863865,1.3769999,1.3274736,1.3787816
0.14614614614614616,1.6,1.1875,1.1903524,1.3769999,1.3338655,1.3787816
0.14714714714714713,1.6,1.1875,1.1903524,1.3809597,1.3338655,1.3793668
0.14814814814814814,1.6,1.1875,1.1927888,1.3809597,1.3363315,1.3793668
0.14914914914914915,1.6,1.1875,1.1927888,1.3809597,1.3453895,1.4036566
0.15015015015015015,1.6,1.1875,1.1927888,1.386508,1.3453895,1.4036566
0.15115115115115116,1.6,1.1875,1.1954751,1.386508,1.3471667,1.4073297
0.15215215215215216,1.6,1.1875,1.1954751,1.3872328,1.3478763,1.4073297
0.15315315315315314,1.6,1.1875,1.2001956,1.3872328,1.3478763,1.4263879
0.15415415415415415,1.6,1.1875,1.2001956,1.3872328,1.3531132,1.4263879
0.15515515515515516,1.6,1.1875,1.2042824,1.398166,1.3547626,1.4263879
0.15615615615615616,1.6,1.1875,1.2042824,1.398166,1.3547626,1.4337825
0.15715715715715717,1.6,1.1875,1.2042824,1.4104593,1.3567318,1.4337825
0.15815815815815815,1.6,1.1875,1.2060034,1.4104593,1.3569877,1.4417247
0.15915915915915915,1.6,1.1875,1.2060034,1.4104593,1.3589755,1.4417247
0.16016016016016016,1.6,1.1875,1.2099903,1.4254504,1.3589755,1.4420877
0.16116116116116116,1.6,1.1875,1.2099903,1.4254504,1.3594935,1.4420877
0.16216216216216217,1.6,1.1875,1.2099903,1.4302061,1.3673652,1.4420877
0.16316316316316315,1.6,1.25,1.2138413,1.4302061,1.3673652,1.4443333
0.16416416416416416,1.6,1.25,1.2138413,1.4302061,1.3721392,1.4443333
0.16516516516516516,1.6,1.25,1.2157698,1.431057,1.3725038,1.4468043
0.16616616616616617,1.6,1.25,1.2157698,1.431057,1.3725038,1.4468043
0.16716716716716717,1.6,1.25,1.2204143,1.4387599,1.3758779,1.4492718
0.16816816816816815,1.7,1.25,1.2204143,1.4387599,1.3762454,1.4492718
0.16916916916916916,1.7,1.25,1.2204143,1.4387599,1.3819181,1.4492718
0.17017017017017017,1.7,1.25,1.2278961,1.43992,1.3819181,1.4679344
0.17117117117117117,1.7,1.25,1.2278961,1.43992,1.3825668,1.4679344
0.17217217217217218,1.7,1.25,1.2335778,1.4465292,1.3866605,1.4739119
0.17317317317317318,1.7,1.25,1.2335778,1.4465292,1.3866605,1.4739119
0.17417417417417416,1.7,1.25,1.2335778,1.4465292,1.3914688,1.4747742
0.17517517517517517,1.7,1.25,1.2358049,1.4572691,1.400169,1.4747742
0.17617617617617617,1.7,1.25,1.2358049,1.4572691,1.400169,1.4747742
0.17717717717717718,1.7,1.25,1.2374719,1.4613177,1.4012109,1.4933256
0.1781781781781782,1.7,1.25,1.2374719,1.4613177,1.4043045,1.4933256
0.17917917917917917,1.7,1.25,1.2491782,1.4613177,1.4049468,1.5097717
0.18018018018018017,1.7,1.25,1.2491782,1.4836291,1.4049468,1.5097717
0.18118118118118118,1.7,1.25,1.2491782,1.4836291,1.4063426,1.5167239
0.18218218218218218,1.7,1.3125,1.2547733,1.4842179,1.4143046,1.5167239
0.1831831831831832,1.8,1.3125,1.2547733,1.4842179,1.4143046,1.5167239
0.1841841841841842,1.8,1.3125,1.2603097,1.4842179,1.4155661,1.5268878
0.18518518518518517,1.8,1.3125,1.2603097,1.4929531,1.4161729,1.5268878
0.18618618618618618,1.8,1.3125,1.2629672,1.4929531,1.4161729,1.5272522
0.1871871871871872,1.8,1.3125,1.2629672,1.499764,1.4167341,1.5272522
0.1881881881881882,1.8,1.3125,1.2629672,1.499764,1.4171835,1.5346254
0.1891891891891892,1.8,1.3125,1.2727349,1.499764,1.4263926,1.5346254
0.19019019019019018,1.8,1.3125,1.2727349,1.5064278,1.4263926,1.5346254
0.19119119119119118,1.8,1.3125,1.2738316,1.5064278,1.4322629,1.5388122
0.1921921921921922,1.8,1.3125,1.2738316,1.5296111,1.4390329,1.5388122
0.1931931931931932,1.8,1.3125,1.2738316,1.5296111,1.4390329,1.5435717
0.1941941941941942,1.8,1.3125,1.2741096,1.5296111,1.4448074,1.5435717
0.19519519519519518,1.8,1.3125,1.2741096,1.5463368,1.4456654,1.5447086
0.1961961961961962,1.8,1.3125,1.2778784,1.5463368,1.4456654,1.5447086
0.1971971971971972,1.8,1.3125,1.2778784,1.566444,1.4493576,1.5447086
0.1981981981981982,1.8,1.3125,1.2847356,1.566444,1.4506929,1.5514455
0.1991991991991992,1.8,1.3125,1.2847356,1.566444,1.4514148,1.5514455
0.20020020020020018,1.8,1.3125,1.2847356,1.5828093,1.4514148,1.5540574
0.2012012012012012,1.8,1.3125,1.2850106,1.5828093,1.4542849,1.5540574
0.2022022022022022,1.8,1.3125,1.2850106,1.5977571,1.4618233,1.5571247
0.2032032032032032,1.8,1.3125,1.2868223,1.5977571,1.4618233,1.5571247
0.2042042042042042,1.8,1.3125,1.2868223,1.5977571,1.4647431,1.5617623
0.20520520520520522,1.9,1.3125,1.2868223,1.603543,1.4781575,1.5617623
0.2062062062062062,1.9,1.3125,1.2908757,1.603543,1.4781575,1.5617623
0.2072072072072072,1.9,1.3125,1.2908757,1.608224,1.4899423,1.5626929
0.2082082082082082,1.9,1.3125,1.2962923,1.608224,1.4976989,1.5626929
0.2092092092092092,1.9,1.3125,1.2962923,1.608224,1.4985726,1.5635523
0.21021021021021022,1.9,1.3125,1.3045102,1.6350468,1.4985726,1.5635523
0.2112112112112112,1.9,1.3125,1.3045102,1.6350468,1.4996489,1.5666403
0.2122122122122122,1.9,1.3125,1.3045102,1.6382906,1.5001396,1.5666403
0.2132132132132132,1.9,1.3125,1.3076961,1.6382906,1.5001396,1.5666403
0.21421421421421422,1.9,1.3125,1.3076961,1.6382906,1.517679,1.574016
0.21521521521521522,1.9,1.3125,1.3085726,1.6535602,1.5185765,1.574016
0.21621621621621623,1.9,1.3125,1.3085726,1.6535602,1.5185765,1.5765109
0.2172172172172172,1.9,1.3125,1.3147353,1.6576965,1.5230094,1.5765109
0.2182182182182182,1.9,1.375,1.3147353,1.6576965,1.5301217,1.584006
0.21921921921921922,1.9,1.375,1.3147353,1.6576965,1.5317752,1.584006
0.22022022022022023,1.9,1.375,1.3151879,1.6652521,1.5317752,1.584006
0.22122122122122123,1.9,1.375,1.3151879,1.6652521,1.5372896,1.5840148
0.2222222222222222,1.9,1.375,1.3200023,1.6668185,1.5425972,1.5840148
0.22322322322322322,2.0,1.375,1.3200023,1.6668185,1.5425972,1.5854515
0.22422422422422422,2.0,1.375,1.3200023,1.6668185,1.553707,1.5854515
0.22522522522522523,2.0,1.375,1.3226283,1.6819791,1.5620036,1.5995045
0.22622622622622623,2.0,1.375,1.3226283,1.6819791,1.5620036,1.5995045
0.2272272272272272,2.0,1.375,1.3330473,1.6957253,1.571939,1.5995045
0.22822822822822822,2.0,1.375,1.3330473,1.6957253,1.5738384,1.5999922
0.22922922922922923,2.0,1.375,1.3403877,1.6957253,1.5786462,1.5999922
0.23023023023023023,2.0,1.375,1.3403877,1.7039784,1.5786462,1.6016736
0.23123123123123124,2.0,1.375,1.3403877,1.7039784,1.5828079,1.6016736
0.23223223223223222,2.0,1.375,1.3470981,1.713178,1.5835899,1.6022041
0.23323323323323322,2.0,1.375,1.3470981,1.713178,1.5835899,1.6022041
0.23423423423423423,2.0,1.375,1.3536824,1.713178,1.5903654,1.6022041
0.23523523523523523,2.0,1.375,1.3536824,1.718696,1.5911213,1.6053133
0.23623623623623624,2.0,1.375,1.3536824,1.718696,1.5911213,1.6053133
0.23723723723723725,2.0,1.375,1.3566097,1.7231627,1.5926315,1.6147132
0.23823823823823823,2.0,1.375,1.3566097,1.7231627,1.5950412,1.6147132
0.23923923923923923,2.0,1.375,1.3612527,1.7231627,1.5950412,1.6154547
0.24024024024024024,2.0,1.375,1.3612527,1.7386581,1.5960746,1.6154547
0.24124124124124124,2.0,1.375,1.3728223,1.7386581,1.5984685,1.6154547
0.24224224224224225,2.0,1.375,1.3728223,1.7426844,1.6045737,1.6195797
0.24324324324324323,2.0,1.375,1.3728223,1.7426844,1.6045737,1.6195797
0.24424424424424424,2.0,1.375,1.3857718,1.7426844,1.6053113,1.6446378
0.24524524524524524,2.0,1.375,1.3857718,1.7479197,1.606883,1.6446378
0.24624624624624625,2.0,1.375,1.3886709,1.7479197,1.606883,1.6464264
0.24724724724724725,2.0,1.375,1.3886709,1.7501521,1.6085017,1.6464264
0.24824824824824826,2.0,1.375,1.3949867,1.7501521,1.6126841,1.6464264
0.24924924924924924,2.0,1.375,1.3949867,1.7501521,1.6126841,1.6654944
0.2502502502502503,2.0,1.375,1.3949867,1.7546859,1.6247362,1.6654944
0.25125125125125125,2.0,1.375,1.3951398,1.7546859,1.6307105,1.6701725
0.25225225225225223,2.1,1.375,1.3951398,1.762136,1.6311674,1.6701725
0.25325325325325326,2.1,1.4375,1.3964858,1.762136,1.6311674,1.6732212
0.25425425425425424,2.1,1.4375,1.3964858,1.762136,1.6323775,1.6732212
0.2552552552552553,2.1,1.4375,1.3964858,1.7825181,1.6356654,1.695801
0.25625625625625625,2.1,1.4375,1.3987495,1.7825181,1.6356654,1.695801
0.25725725725725723,2.1,1.4375,1.3987495,1.7874569,1.6378403,1.695801
0.25825825825825827,2.1,1.4375,1.4021933,1.7874569,1.6633368,1.6959236
0.25925925925925924,2.2,1.4375,1.4021933,1.7874569,1.6633368,1.6959236
0.2602602602602603,2.2,1.4375,1.4060874,1.7915697,1.6679418,1.7124994
0.26126126126126126,2.2,1.4375,1.4060874,1.7915697,1.6885341,1.7124994
0.26226226226226224,2.2,1.4375,1.4060874,1.8020173,1.6988238,1.7166657
0.26326326326326327,2.2,1.4375,1.4073064,1.8020173,1.6988238,1.7166657
0.26426426426426425,2.2,1.4375,1.4073064,1.8020173,1.6989756,1.7166657
0.2652652652652653,2.2,1.4375,1.4081043,1.8071753,1.7015964,1.7189499
0.26626626626626626,2.2,1.4375,1.4081043,1.8071753,1.7015964,1.7189499
0.26726726726726724,2.2,1.4375,1.4081043,1.8072666,1.7126892,1.7237225
0.2682682682682683,2.2,1.4375,1.4308265,1.8072666,1.7171354,1.7237225
0.26926926926926925,2.2,1.4375,1.4308265,1.8072666,1.7171354,1.725589
0.2702702702702703,2.3,1.4375,1.4330803,1.8187389,1.722745,1.725589
0.27127127127127126,2.3,1.4375,1.4330803,1.8187389,1.7250131,1.725589
0.27227227227227224,2.3,1.4375,1.4356779,1.8196621,1.7293636,1.7409433
0.2732732732732733,2.3,1.4375,1.4356779,1.8196621,1.7293636,1.7409433
0.27427427427427425,2.4,1.5,1.4356779,1.8196621,1.7352586,1.7496878
0.2752752752752753,2.4,1.5,1.4361619,1.8246367,1.7480179,1.7496878
0.27627627627627627,2.4,1.5,1.4361619,1.8246367,1.7480179,1.7533253
0.2772772772772773,2.4,1.5,1.4373176,1.856914,1.7483009,1.7533253
0.2782782782782783,2.4,1.5,1.4373176,1.856914,1.7606885,1.7533253
0.27927927927927926,2.4,1.5,1.4465603,1.856914,1.7606885,1.761077
0.2802802802802803,2.4,1.5,1.4465603,1.8676991,1.7715799,1.761077
0.28128128128128127,2.4,1.5,1.4465603,1.8676991,1.7731624,1.7637235
0.2822822822822823,2.4,1.5,1.4494761,1.882978,1.780512,1.7637235
0.2832832832832833,2.4,1.5,1.4494761,1.882978,1.780512,1.7643114
0.28428428428428426,2.4,1.5,1.4506397,1.882978,1.7836633,1.7643114
0.2852852852852853,2.5,1.5,1.4506397,1.8865575,1.7876068,1.7643114
0.2862862862862863,2.5,1.5,1.4506397,1.8865575,1.7876068,1.7701445
0.2872872872872873,2.5,1.5,1.4564385,1.9055966,1.7964827,1.7701445
0.2882882882882883,2.5,1.5,1.4564385,1.9055966,1.7982178,1.7842718
0.28928928928928926,2.5,1.5,1.457128,1.9137646,1.7982178,1.7842718
0.2902902902902903,2.5,1.5,1.457128,1.9137646,1.8016667,1.7938848
0.2912912912912913,2.5,1.5,1.4571592,1.9137646,1.8041563,1.7938848
0.2922922922922923,2.5,1.5,1.4571592,1.9180598,1.8071555,1.7938848
0.2932932932932933,2.5,1.5,1.4571592,1.9180598,1.8071555,1.8091768
0.29429429429429427,2.5,1.5,1.4619185,1.9184159,1.8134786,1.8091768
0.2952952952952953,2.5,1.5,1.4619185,1.9184159,1.8136128,1.8274364
0.2962962962962963,2.5,1.5,1.463308,1.9184159,1.8136128,1.8274364
0.2972972972972973,2.5,1.5,1.463308,1.9391961,1.8231596,1.8380381
0.2982982982982983,2.5,1.5625,1.463308,1.9391961,1.8260547,1.8380381
0.29929929929929927,2.5,1.5625,1.4666717,1.9436767,1.8260547,1.8380381
0.3003003003003003,2.5,1.5625,1.4666717,1.9436767,1.8290857,1.8563524
0.3013013013013013,2.5,1.5625,1.4669111,1.9436767,1.8298763,1.8563524
0.3023023023023023,2.5,1.5625,1.4669111,1.9469681,1.8515712,1.8594583
0.3033033033033033,2.6,1.5625,1.4760325,1.9469681,1.8515712,1.8594583
0.30430430430430433,2.6,1.5625,1.4760325,1.9559504,1.8581312,1.8628167
0.3053053053053053,2.6,1.5625,1.4760325,1.9559504,1.8659408,1.8628167
0.3063063063063063,2.6,1.5625,1.478203,1.9559504,1.8659408,1.8644285
0.3073073073073073,2.6,1.5625,1.478203,1.9596926,1.8733634,1.8644285
0.3083083083083083,2.6,1.5625,1.4869176,1.9596926,1.8769925,1.8644285
0.30930930930930933,2.6,1.5625,1.4869176,1.9629302,1.8769925,1.8760557
0.3103103103103103,2.6,1.5625,1.4933052,1.9629302,1.8813547,1.8760557
0.3113113113113113,2.6,1.5625,1.4933052,1.9629302,1.8921173,1.8902189
0.3123123123123123,2.6,1.5625,1.4933052,1.9638318,1.8921173,1.8902189
0.3133133133133133,2.6,1.5625,1.4960519,1.9638318,1.8941796,1.9022889
0.31431431431431434,2.7,1.5625,1.4960519,1.9658418,1.896381,1.9022889
0.3153153153153153,2.7,1.5625,1.506186,1.9658418,1.8981869,1.9022889
0.3163163163163163,2.7,1.5625,1.506186,1.9658418,1.8981869,1.903536
0.3173173173173173,2.7,1.5625,1.506186,1.9848008,1.9027288,1.903536
0.3183183183183183,2.7,1.5625,1.512218,1.9848008,1.9136647,1.9046816
0.31931931931931934,2.7,1.5625,1.512218,1.9879107,1.9136647,1.9046816
0.3203203203203203,2.7,1.5625,1.5125344,1.9879107,1.9330341,1.9072468
0.3213213213213213,2.8,1.5625,1.5125344,1.9879107,1.9337019,1.9072468
0.32232232232232233,2.8,1.5625,1.5135332,1.9962928,1.9337019,1.9072468
0.3233233233233233,2.8,1.625,1.5135332,1.9962928,1.9432408,1.9173094
0.32432432432432434,2.8,1.625,1.5135332,1.9972454,1.9447764,1.9173094
0.3253253253253253,2.8,1.625,1.5147703,1.9972454,1.9464966,1.9309293
0.3263263263263263,2.8,1.625,1.5147703,1.9972454,1.9464966,1.9309293
0.32732732732732733,2.8,1.625,1.5177093,2.0221379,1.9467114,1.9374114
0.3283283283283283,2.8,1.625,1.5177093,2.0221379,1.9521435,1.9374114
0.32932932932932935,2.8,1.625,1.5177093,2.0268567,1.9521435,1.9374114
0.3303303303303303,2.8,1.625,1.5223361,2.0268567,1.9548274,1.9422345
0.3313313313313313,2.8,1.625,1.5223361,2.0268567,1.961382,1.9422345
0.33233233233233234,2.8,1.625,1.5223743,2.0426676,1.961382,1.9437268
0.3333333333333333,2.8,1.625,1.5223743,2.0426676,1.9650453,1.9437268
0.33433433433433435,2.8,1.625,1.5277478,2.0426707,1.9705311,1.9591376
0.3353353353353353,2.8,1.625,1.5277478,2.0426707,1.9708996,1.9591376
0.3363363363363363,2.9,1.625,1.5277478,2.0426707,1.9708996,1.9591376
0.33733733733733734,2.9,1.6875,1.5282204,2.0466146,1.9730905,1.9666755
0.3383383383383383,2.9,1.6875,1.5282204,2.0466146,1.9775964,1.9666755
0.33933933933933935,2.9,1.6875,1.5315126,2.0537744,1.9775964,1.9855387
0.34034034034034033,2.9,1.6875,1.5315126,2.0537744,1.987473,1.9855387
0.34134134134134136,2.9,1.6875,1.5319438,2.0537744,1.9889202,2.0087821
0.34234234234234234,2.9,1.6875,1.5319438,2.058386,1.9889202,2.0087821
0.3433433433433433,2.9,1.6875,1.5319438,2.058386,1.9906453,2.0087821
0.34434434434434436,2.9,1.6875,1.5371597,2.063424,1.9918652,2.0099688
0.34534534534534533,2.9,1.6875,1.5371597,2.063424,1.995776,2.0099688
0.34634634634634637,2.9,1.6875,1.5392741,2.063424,1.995776,2.0376701
0.34734734734734735,2.9,1.6875,1.5392741,2.0848837,2.0086346,2.0376701
0.3483483483483483,2.9,1.6875,1.5392741,2.0848837,2.0151155,2.0481756
0.34934934934934936,2.9,1.6875,1.5432518,2.1059127,2.0151155,2.0481756
0.35035035035035034,2.9,1.75,1.5432518,2.1059127,2.0308375,2.0633423
0.35135135135135137,2.9,1.75,1.5503702,2.1059127,2.0566149,2.0633423
0.35235235235235235,2.9,1.75,1.5503702,2.106843,2.0566149,2.0633423
0.3533533533533533,2.9,1.75,1.5544306,2.106843,2.061823,2.095038
0.35435435435435436,2.9,1.75,1.5544306,2.1292796,2.0634198,2.095038
0.35535535535535534,2.9,1.75,1.5544306,2.1292796,2.0646992,2.0962493
0.3563563563563564,2.9,1.75,1.5566448,2.1292796,2.0646992,2.0962493
0.35735735735735735,2.9,1.75,1.5566448,2.1384182,2.0965571,2.1019602
0.35835835835835833,3.0,1.75,1.5723665,2.1384182,2.1166658,2.1019602
0.35935935935935936,3.0,1.75,1.5723665,2.16823,2.1166658,2.1019602
0.36036036036036034,3.0,1.75,1.5723665,2.16823,2.1191962,2.1139998
0.3613613613613614,3.0,1.75,1.5760396,2.16823,2.1297708,2.1139998
0.36236236236236236,3.0,1.75,1.5760396,2.1842122,2.1297708,2.116283
0.36336336336336333,3.0,1.75,1.5771517,2.1842122,2.1313236,2.116283
0.36436436436436437,3.0,1.75,1.5771517,2.1842947,2.1342087,2.1196792
0.36536536536536535,3.1,1.75,1.5871456,2.1842947,2.1342921,2.1196792
0.3663663663663664,3.1,1.8125,1.5871456,2.1842947,2.1342921,2.1196792
0.36736736736736736,3.1,1.8125,1.5871456,2.1851645,2.1384532,2.1331491
0.3683683683683684,3.1,1.8125,1.5918908,2.1851645,2.1400442,2.1331491
0.36936936936936937,3.1,1.8125,1.5918908,2.1926658,2.1400442,2.182063
0.37037037037037035,3.1,1.8125,1.5995226,2.1926658,2.1406162,2.182063
0.3713713713713714,3.1,1.8125,1.5995226,2.1926658,2.141087,2.2196512
0.37237237237237236,3.1,1.8125,1.6059561,2.2103953,2.141087,2.2196512
0.3733733733733734,3.1,1.8125,1.6059561,2.2103953,2.1418495,2.2196512
0.3743743743743744,3.1,1.8125,1.6059561,2.2167456,2.1457992,2.222911
0.37537537537537535,3.1,1.8125,1.6069554,2.2167456,2.1583765,2.222911
0.3763763763763764,3.2,1.8125,1.6069554,2.2167456,2.1583765,2.2276752
0.37737737737737737,3.2,1.8125,1.6093385,2.2370296,2.1617792,2.2276752
0.3783783783783784,3.2,1.8125,1.6093385,2.2370296,2.1654816,2.25667
0.3793793793793794,3.2,1.8125,1.6093385,2.2535431,2.1654816,2.25667
0.38038038038038036,3.2,1.875,1.6130369,2.2535431,2.1715882,2.25667
0.3813813813813814,3.2,1.875,1.6130369,2.2535431,2.1722245,2.2600088
0.38238238238238237,3.2,1.875,1.6137571,2.2551646,2.1722245,2.2600088
0.3833833833833834,3.2,1.875,1.6137571,2.2551646,2.1832333,2.2710276
0.3843843843843844,3.2,1.875,1.6179343,2.2856803,2.1894546,2.2710276
0.38538538538538536,3.2,1.875,1.6179343,2.2856803,2.1894546,2.2810056
0.3863863863863864,3.2,1.875,1.6179343,2.2856803,2.1923318,2.2810056
0.38738738738738737,3.2,1.875,1.6322299,2.2976117,2.2163098,2.2810056
0.3883883883883884,3.2,1.875,1.6322299,2.2976117,2.2187138,2.3204086
0.3893893893893894,3.2,1.875,1.640264,2.316589,2.2187138,2.3204086
0.39039039039039036,3.2,1.875,1.640264,2.316589,2.2307963,2.3208766
0.3913913913913914,3.2,1.875,1.640264,2.316589,2.2376547,2.3208766
0.3923923923923924,3.2,1.875,1.6437005,2.3253493,2.2376547,2.3327107
0.3933933933933934,3.2,1.875,1.6437005,2.3253493,2.244624,2.3327107
0.3943943943943944,3.3,1.875,1.6629304,2.3267183,2.2564762,2.3327107
0.39539539539539537,3.3,1.9375,1.6629304,2.3267183,2.2564762,2.3370442
0.3963963963963964,3.3,1.9375,1.6639962,2.3267183,2.2799938,2.3370442
0.3973973973973974,3.3,1.9375,1.6639962,2.3441005,2.306124,2.3532097
0.3983983983983984,3.3,1.9375,1.6639962,2.3441005,2.3065555,2.3532097
0.3993993993993994,3.3,1.9375,1.666915,2.355099,2.3065555,2.3568888
0.40040040040040037,3.3,1.9375,1.666915,2.355099,2.309812,2.3568888
0.4014014014014014,3.3,2.0,1.6685326,2.355099,2.3138738,2.3671434
0.4024024024024024,3.4,2.0,1.6685326,2.3589318,2.3138738,2.3671434
0.4034034034034034,3.4,2.0,1.6826113,2.3589318,2.3344815,2.3671434
0.4044044044044044,3.4,2.0,1.6826113,2.3691742,2.3346262,2.3767922
0.40540540540540543,3.4,2.0,1.6826113,2.3691742,2.3346262,2.3767922
0.4064064064064064,3.4,2.0,1.6972896,2.3691742,2.3400195,2.378167
0.4074074074074074,3.4,2.0,1.6972896,2.3907225,2.3601723,2.378167
0.4084084084084084,3.4,2.0,1.6998894,2.3907225,2.3614206,2.3872862
0.4094094094094094,3.5,2.0,1.6998894,2.3950071,2.3614206,2.3872862
0.41041041041041043,3.5,2.0,1.6998894,2.3950071,2.3652465,2.3872862
0.4114114114114114,3.5,2.0,1.712817,2.3950071,2.3783882,2.394265
0.4124124124124124,3.5,2.0,1.712817,2.4100237,2.3783882,2.394265
0.4134134134134134,3.5,2.0,1.7254874,2.4100237,2.382912,2.40101
0.4144144144144144,3.5,2.0,1.7254874,2.418219,2.385122,2.40101
0.41541541541541543,3.5,2.0625,1.7307049,2.418219,2.385122,2.4303946
0.4164164164164164,3.5,2.0625,1.7307049,2.418219,2.390262,2.4303946
0.4174174174174174,3.5,2.0625,1.7307049,2.427003,2.4017475,2.4303946
0.4184184184184184,3.5,2.0625,1.7339158,2.427003,2.4018376,2.4308033
0.4194194194194194,3.5,2.125,1.7339158,2.4345994,2.4018376,2.4308033
0.42042042042042044,3.5,2.125,1.7399232,2.4345994,2.4040298,2.4723005
0.4214214214214214,3.5,2.125,1.7399232,2.4345994,2.4069517,2.4723005
0.4224224224224224,3.5,2.125,1.7399232,2.4364927,2.4069517,2.478014
0.42342342342342343,3.5,2.125,1.7468947,2.4364927,2.4126062,2.478014
0.4244244244244244,3.5,2.125,1.7468947,2.441293,2.416685,2.478014
0.42542542542542544,3.5,2.125,1.7768928,2.441293,2.416685,2.488223
0.4264264264264264,3.5,2.125,1.7768928,2.441293,2.4289742,2.488223
0.4274274274274274,3.6,2.125,1.8134984,2.4575312,2.429039,2.500457
0.42842842842842843,3.6,2.125,1.8134984,2.4575312,2.4374526,2.500457
0.4294294294294294,3.6,2.125,1.8134984,2.4589963,2.4374526,2.5145566
0.43043043043043044,3.6,2.125,1.8169177,2.4589963,2.4389036,2.5145566
0.4314314314314314,3.6,2.125,1.8169177,2.4675,2.4446747,2.5145566
0.43243243243243246,3.6,2.125,1.8202113,2.4675,2.4446747,2.5272338
0.43343343343343343,3.6,2.125,1.8202113,2.4675,2.476794,2.5272338
0.4344344344344344,3.7,2.125,1.8249944,2.4717078,2.4864347,2.5478559
0.43543543543543545,3.7,2.1875,1.8249944,2.4717078,2.4864347,2.5478559
0.4364364364364364,3.7,2.1875,1.8249944,2.4731584,2.5065203,2.566958
0.43743743743743746,3.7,2.1875,1.8366237,2.4731584,2.5073178,2.566958
0.43843843843843844,3.7,2.1875,1.8366237,2.4731584,2.5127826,2.566958
0.4394394394394394,3.7,2.1875,1.8460511,2.5183911,2.5127826,2.5676548
0.44044044044044045,3.7,2.1875,1.8460511,2.5183911,2.5305994,2.5676548
0.44144144144144143,3.7,2.1875,1.8460511,2.518989,2.5358,2.5718992
0.44244244244244246,3.8,2.1875,1.8512554,2.518989,2.5358,2.5718992
0.44344344344344344,3.8,2.1875,1.8512554,2.518989,2.5395484,2.61108
0.4444444444444444,3.8,2.1875,1.854145,2.531448,2.549686,2.61108
0.44544544544544545,3.8,2.1875,1.854145,2.531448,2.549686,2.61108
0.44644644644644643,3.8,2.1875,1.8705919,2.5426755,2.5527263,2.635432
0.44744744744744747,3.8,2.1875,1.8705919,2.5426755,2.5785444,2.635432
0.44844844844844844,3.8,2.1875,1.8705919,2.5426755,2.5813484,2.6378415
0.4494494494494494,3.8,2.1875,1.8824397,2.5568702,2.5813484,2.6378415
0.45045045045045046,3.8,2.25,1.8824397,2.5568702,2.587204,2.6524966
0.45145145145145144,3.8,2.25,1.8844469,2.605198,2.5968666,2.6524966
0.45245245245245247,3.8,2.25,1.8844469,2.605198,2.5968666,2.6574917
0.45345345345345345,3.9,2.25,1.8844469,2.605198,2.6082895,2.6574917
0.4544544544544544,3.9,2.25,1.8888742,2.6454692,2.6286771,2.6574917
0.45545545545545546,3.9,2.25,1.8888742,2.6454692,2.6286771,2.6578538
0.45645645645645644,3.9,2.25,1.9082134,2.6545389,2.6366851,2.6578538
0.4574574574574575,3.9,2.25,1.9082134,2.6545389,2.6463678,2.6724455
0.45845845845845845,3.9,2.25,1.9132849,2.6545389,2.6620536,2.6724455
0.45945945945945943,3.9,2.25,1.9132849,2.6597989,2.6620536,2.6794486
0.46046046046046046,3.9,2.3125,1.9132849,2.6597989,2.6636634,2.6794486
0.46146146146146144,3.9,2.3125,1.9405317,2.6645148,2.668191,2.6794486
0.4624624624624625,3.9,2.3125,1.9405317,2.6645148,2.668191,2.7100887
0.46346346346346345,3.9,2.3125,1.9611003,2.6645148,2.673419,2.7100887
0.46446446446446443,3.9,2.3125,1.9611003,2.6653614,2.685041,2.727991
0.46546546546546547,3.9,2.3125,1.9674519,2.6653614,2.685041,2.727991
0.46646646646646645,3.9,2.3125,1.9674519,2.736131,2.6930182,2.738418
0.4674674674674675,3.9,2.3125,1.9674519,2.736131,2.6933575,2.738418
0.46846846846846846,3.9,2.3125,1.9716024,2.736131,2.6933575,2.738418
0.4694694694694695,3.9,2.3125,1.9716024,2.7507744,2.703384,2.7475543
0.47047047047047047,3.9,2.3125,1.9763217,2.7507744,2.7500203,2.7475543
0.47147147147147145,4.0,2.3125,1.9763217,2.770394,2.7582037,2.7500243
0.4724724724724725,4.0,2.3125,1.9763217,2.770394,2.7582037,2.7500243
0.47347347347347346,4.0,2.3125,1.988424,2.770394,2.7669816,2.7562916
0.4744744744744745,4.0,2.375,1.988424,2.7718828,2.7678473,2.7562916
0.4754754754754755,4.0,2.375,1.99659,2.7718828,2.7678473,2.7562916
0.47647647647647645,4.0,2.375,1.99659,2.777085,2.770218,2.7620513
0.4774774774774775,4.0,2.375,2.0405939,2.777085,2.7791667,2.7620513
0.47847847847847846,4.0,2.375,2.0405939,2.777085,2.7791667,2.7954607
0.4794794794794795,4.0,2.375,2.0405939,2.7774491,2.7819374,2.7954607
0.4804804804804805,4.0,2.375,2.0491753,2.7774491,2.793616,2.8224645
0.48148148148148145,4.0,2.375,2.0491753,2.7931068,2.7940762,2.8224645
0.4824824824824825,4.0,2.375,2.0702274,2.7931068,2.7940762,2.8224645
0.48348348348348347,4.0,2.4375,2.0702274,2.7931068,2.8045707,2.8287566
0.4844844844844845,4.0,2.4375,2.0702274,2.8179295,2.8181057,2.8287566
0.4854854854854855,4.1,2.4375,2.0997338,2.8179295,2.8181057,2.846019
0.48648648648648646,4.1,2.4375,2.0997338,2.8505735,2.82803,2.846019
0.4874874874874875,4.1,2.4375,2.1028035,2.8505735,2.8301764,2.861748
0.48848848848848847,4.1,2.4375,2.1028035,2.8505735,2.8301764,2.861748
0.4894894894894895,4.1,2.4375,2.1115363,2.8557374,2.8339105,2.861748
0.4904904904904905,4.1,2.4375,2.1115363,2.8557374,2.8390882,2.8648689
0.49149149149149146,4.1,2.4375,2.1115363,2.8602045,2.8393762,2.8648689
0.4924924924924925,4.1,2.4375,2.1199448,2.8602045,2.8393762,2.8861673
0.4934934934934935,4.1,2.4375,2.1199448,2.8602045,2.8474166,2.8861673
0.4944944944944945,4.1,2.4375,2.1212003,2.8662174,2.853634,2.9030235
0.4954954954954955,4.1,2.4375,2.1212003,2.8662174,2.853634,2.9030235
0.4964964964964965,4.1,2.4375,2.147439,2.8698747,2.8673239,2.9030235
0.4974974974974975,4.1,2.4375,2.147439,2.8698747,2.8700466,2.9166975
0.4984984984984985,4.1,2.4375,2.147439,2.8698747,2.8700466,2.9166975
0.4994994994994995,4.1,2.4375,2.1512566,2.8736482,2.8758807,2.969622
0.5005005005005005,4.2,2.4375,2.1512566,2.8736482,2.9044755,2.969622
0.5015015015015015,4.2,2.5,2.1640694,2.899919,2.909296,2.9775317
0.5025025025025025,4.2,2.5,2.1640694,2.899919,2.909296,2.9775317
0.5035035035035035,4.2,2.5,2.1640694,2.899919,2.9105685,2.9799547
0.5045045045045045,4.4,2.5,2.171772,2.9788146,2.9244046,2.9799547
0.5055055055055055,4.4,2.5,2.171772,2.9788146,2.9244046,2.9799547
0.5065065065065065,4.4,2.5,2.1763391,3.003621,2.9294662,2.983115
0.5075075075075075,4.5,2.5,2.1763391,3.003621,2.941648,2.983115
0.5085085085085085,4.5,2.5,2.1825135,3.003621,2.941648,2.9940176
0.5095095095095095,4.5,2.5,2.1825135,3.007033,2.94924,2.9940176
0.5105105105105106,4.5,2.5,2.1825135,3.007033,2.9495947,3.0011272
0.5115115115115115,4.5,2.5,2.2073877,3.0129683,2.954379,3.0011272
0.5125125125125125,4.5,2.5,2.2073877,3.0129683,2.954379,3.0011272
0.5135135135135135,4.5,2.5,2.2132442,3.0129683,2.9606884,3.0082657
0.5145145145145145,4.5,2.5,2.2132442,3.0654407,2.9707773,3.0082657
0.5155155155155156,4.6,2.5,2.2211094,3.0654407,2.9707773,3.013109
0.5165165165165165,4.6,2.5,2.2211094,3.0791016,2.977754,3.013109
0.5175175175175175,4.6,2.5,2.2211094,3.0791016,2.9789279,3.0133114
0.5185185185185185,4.6,2.5,2.221687,3.0791016,2.9789279,3.0133114
0.5195195195195195,4.6,2.5,2.221687,3.09984,2.9959443,3.0133114
0.5205205205205206,4.6,2.5,2.229129,3.09984,2.9990854,3.1021435
0.5215215215215215,4.6,2.5,2.229129,3.1286364,3.0108092,3.1021435
0.5225225225225225,4.6,2.5625,2.229129,3.1286364,3.0108092,3.1143124
0.5235235235235235,4.6,2.5625,2.2327907,3.1286364,3.0153258,3.1143124
0.5245245245245245,4.6,2.5625,2.2327907,3.1379259,3.0232801,3.1194065
0.5255255255255256,4.6,2.5625,2.2392123,3.1379259,3.0232801,3.1194065
0.5265265265265265,4.6,2.5625,2.2392123,3.1510808,3.0312932,3.1194065
0.5275275275275275,4.6,2.5625,2.245977,3.1510808,3.0504146,3.1253607
0.5285285285285285,4.6,2.5625,2.245977,3.1510808,3.0504146,3.1253607
0.5295295295295295,4.6,2.5625,2.245977,3.190729,3.0518131,3.1662667
0.5305305305305306,4.6,2.5625,2.2482443,3.190729,3.066314,3.1662667
0.5315315315315315,4.6,2.5625,2.2482443,3.2000566,3.0687163,3.1816602
0.5325325325325325,4.6,2.625,2.2484531,3.2000566,3.0687163,3.1816602
0.5335335335335335,4.6,2.625,2.2484531,3.2000566,3.069464,3.1816602
0.5345345345345345,4.6,2.625,2.2484531,3.2055638,3.069965,3.1904953
0.5355355355355356,4.6,2.625,2.2533045,3.2055638,3.069965,3.1904953
0.5365365365365365,4.7,2.625,2.2533045,3.2156584,3.082601,3.2021644
0.5375375375375375,4.7,2.625,2.2553227,3.2156584,3.0893734,3.2021644
0.5385385385385385,4.7,2.6875,2.2553227,3.2156584,3.0893734,3.2035716
0.5395395395395395,4.7,2.6875,2.2691507,3.216012,3.0927558,3.2035716
0.5405405405405406,4.9,2.6875,2.2691507,3.216012,3.097909,3.2035716
0.5415415415415415,4.9,2.6875,2.2691507,3.2194724,3.097909,3.2363255
0.5425425425425425,4.9,2.75,2.2778456,3.2194724,3.1124759,3.2363255
0.5435435435435435,4.9,2.75,2.2778456,3.2194724,3.1422498,3.2394748
0.5445445445445445,4.9,2.75,2.2849212,3.2274442,3.1699674,3.2394748
0.5455455455455456,4.9,2.75,2.2849212,3.2274442,3.1699674,3.276555
0.5465465465465466,4.9,2.75,2.2850769,3.2339501,3.172826,3.276555
0.5475475475475475,5.0,2.75,2.2850769,3.2339501,3.1772878,3.276555
0.5485485485485485,5.0,2.75,2.2850769,3.2339501,3.1772878,3.2842004
0.5495495495495496,5.0,2.75,2.285369,3.2508593,3.1840637,3.2842004
0.5505505505505506,5.0,2.8125,2.285369,3.2508593,3.184519,3.3273604
0.5515515515515516,5.1,2.8125,2.2913718,3.252594,3.184519,3.3273604
0.5525525525525525,5.1,2.8125,2.2913718,3.252594,3.1850755,3.3618093
0.5535535535535535,5.1,2.8125,2.2913718,3.252594,3.1881585,3.3618093
0.5545545545545546,5.1,2.8125,2.3270183,3.3008919,3.1901815,3.3695612
0.5555555555555556,5.3,2.8125,2.3270183,3.3008919,3.1901815,3.3695612
0.5565565565565566,5.3,2.8125,2.332905,3.304561,3.1967354,3.3695612
0.5575575575575575,5.3,2.8125,2.332905,3.304561,3.2114997,3.380346
0.5585585585585585,5.3,2.8125,2.3367805,3.304561,3.2114997,3.380346
0.5595595595595596,5.3,2.8125,2.3367805,3.3135753,3.2133014,3.3851109
0.5605605605605606,5.3,2.8125,2.3367805,3.3135753,3.241037,3.3851109
0.5615615615615616,5.3,2.8125,2.361463,3.3411164,3.241037,3.4153914
0.5625625625625625,5.4,2.8125,2.361463,3.3411164,3.241149,3.4153914
0.5635635635635635,5.4,2.8125,2.3718293,3.3411164,3.2464488,3.4153914
0.5645645645645646,5.4,2.9375,2.3718293,3.37421,3.2770529,3.4238684
0.5655655655655656,5.4,2.9375,2.3718293,3.37421,3.2770529,3.4238684
0.5665665665665666,5.4,2.9375,2.3728368,3.4001465,3.281109,3.4381156
0.5675675675675675,5.4,2.9375,2.3728368,3.4001465,3.291124,3.4381156
0.5685685685685685,5.4,2.9375,2.381815,3.4001465,3.291124,3.464728
0.5695695695695696,5.4,2.9375,2.381815,3.4036324,3.3009756,3.464728
0.5705705705705706,5.4,2.9375,2.384019,3.4036324,3.3020833,3.464728
0.5715715715715716,5.4,3.0,2.384019,3.4044855,3.3020833,3.4680314
0.5725725725725725,5.4,3.0,2.384019,3.4044855,3.303813,3.4680314
0.5735735735735735,5.5,3.0,2.3979895,3.4144177,3.3105328,3.5467978
0.5745745745745746,5.5,3.0,2.3979895,3.4144177,3.3236735,3.5467978
0.5755755755755756,5.5,3.0625,2.4098256,3.4144177,3.3236735,3.560915
0.5765765765765766,5.5,3.0625,2.4098256,3.4182448,3.3301415,3.560915
0.5775775775775776,5.7,3.0625,2.4139488,3.4182448,3.332258,3.560915
0.5785785785785785,5.7,3.0625,2.4139488,3.4409895,3.332258,3.5785527
0.5795795795795796,5.7,3.0625,2.4139488,3.4409895,3.336658,3.5785527
0.5805805805805806,5.7,3.0625,2.4336488,3.4409895,3.354558,3.579836
0.5815815815815816,5.7,3.0625,2.4336488,3.4410977,3.354558,3.579836
0.5825825825825826,5.7,3.0625,2.4419193,3.4410977,3.358685,3.6112812
0.5835835835835835,5.7,3.1875,2.4419193,3.4488177,3.3682127,3.6112812
0.5845845845845846,5.7,3.1875,2.4419193,3.4488177,3.4059582,3.6112812
0.5855855855855856,5.7,3.25,2.4876337,3.4488177,3.4059582,3.6191058
0.5865865865865866,5.7,3.25,2.4876337,3.4841528,3.4064858,3.6191058
0.5875875875875876,5.7,3.25,2.4977174,3.4841528,3.4170787,3.6556015
0.5885885885885885,5.7,3.25,2.4977174,3.5350125,3.4170787,3.6556015
0.5895895895895896,5.7,3.25,2.49815,3.5350125,3.4352453,3.7201777
0.5905905905905906,5.7,3.25,2.49815,3.5350125,3.44517,3.7201777
0.5915915915915916,5.8,3.3125,2.49815,3.5513055,3.44517,3.7201777
0.5925925925925926,5.8,3.3125,2.5289586,3.5513055,3.4461484,3.7321327
0.5935935935935935,5.8,3.3125,2.5289586,3.5545838,3.4513018,3.7321327
0.5945945945945946,5.8,3.3125,2.5465102,3.5545838,3.4585066,3.744305
0.5955955955955956,5.8,3.3125,2.5465102,3.5545838,3.4585066,3.744305
0.5965965965965966,5.8,3.3125,2.5465102,3.573665,3.473908,3.7606833
0.5975975975975976,5.8,3.4375,2.580899,3.573665,3.4857266,3.7606833
0.5985985985985985,5.8,3.4375,2.580899,3.6257248,3.4857266,3.7606833
0.5995995995995996,5.8,3.4375,2.5896595,3.6257248,3.5140536,3.7947755
0.6006006006006006,5.8,3.4375,2.5896595,3.6257248,3.5209286,3.7947755
0.6016016016016016,5.8,3.5,2.5978587,3.6646612,3.5209286,3.8123543
0.6026026026026026,6.0,3.5,2.5978587,3.6646612,3.5295806,3.8123543
0.6036036036036035,6.0,3.5625,2.5978587,3.7694497,3.5520563,3.880669
0.6046046046046046,6.0,3.5625,2.606814,3.7694497,3.553905,3.880669
0.6056056056056056,6.0,3.5625,2.606814,3.7694497,3.553905,3.8920593
0.6066066066066066,6.0,3.5625,2.6130047,3.7776449,3.561634,3.8920593
0.6076076076076076,6.0,3.5625,2.6130047,3.7776449,3.6066668,3.8920593
0.6086086086086087,6.0,3.5625,2.6348352,3.7798712,3.6066668,3.8983932
0.6096096096096096,6.3,3.5625,2.6348352,3.7798712,3.6114662,3.8983932
0.6106106106106106,6.3,3.6875,2.6348352,3.7798712,3.6114836,4.0014997
0.6116116116116116,6.3,3.6875,2.640617,3.7878423,3.6114836,4.0014997
0.6126126126126126,6.3,3.6875,2.640617,3.7878423,3.6357298,4.055776
0.6136136136136137,6.3,3.6875,2.647175,3.788075,3.641109,4.055776
0.6146146146146146,6.3,3.6875,2.647175,3.788075,3.6617165,4.055776
0.6156156156156156,6.3,3.6875,2.647175,3.788075,3.6617165,4.1054554
0.6166166166166166,6.3,3.75,2.6687884,3.7927618,3.665726,4.1054554
0.6176176176176176,6.4,3.75,2.6687884,3.7927618,3.685982,4.1120563
0.6186186186186187,6.4,3.75,2.6796649,3.8592193,3.685982,4.1120563
0.6196196196196196,6.4,3.75,2.6796649,3.8592193,3.6970038,4.1364617
0.6206206206206206,6.5,3.75,2.6838934,3.8592193,3.6974344,4.1364617
0.6216216216216216,6.5,3.75,2.6838934,3.8691673,3.6974344,4.1364617
0.6226226226226226,6.5,3.75,2.6838934,3.8691673,3.760012,4.1483283
0.6236236236236237,6.5,3.75,2.6940436,3.8773956,3.766772,4.1483283
0.6246246246246246,6.5,3.75,2.6940436,3.8773956,3.766772,4.166832
0.6256256256256256,6.5,3.75,2.694738,3.8773956,3.7715826,4.166832
0.6266266266266266,6.5,3.8125,2.694738,3.905526,3.788354,4.2049274
0.6276276276276276,6.5,3.8125,2.694738,3.905526,3.7978325,4.2049274
0.6286286286286287,6.7,3.875,2.7284477,3.9275203,3.7978325,4.2049274
0.6296296296296297,6.7,3.875,2.7284477,3.9275203,3.7981243,4.210249
0.6306306306306306,6.7,3.875,2.7527287,3.9275203,3.8067026,4.210249
0.6316316316316316,6.8,3.875,2.7527287,3.9367192,3.8067026,4.305157
0.6326326326326326,6.8,3.9375,2.76166,3.9367192,3.8530421,4.305157
0.6336336336336337,6.8,3.9375,2.76166,3.947855,3.8612995,4.32978
0.6346346346346347,6.8,3.9375,2.76166,3.947855,3.8612995,4.32978
0.6356356356356356,6.9,3.9375,2.7685573,3.947855,3.9297678,4.32978
0.6366366366366366,6.9,4.0,2.7685573,3.9667535,3.932023,4.3379335
0.6376376376376376,6.9,4.0,2.7689168,3.9667535,3.932529,4.3379335
0.6386386386386387,6.9,4.0,2.7689168,3.9818351,3.932529,4.3520184
0.6396396396396397,6.9,4.0,2.770512,3.9818351,3.9394124,4.3520184
0.6406406406406406,6.9,4.125,2.770512,3.9818351,3.9520617,4.367311
0.6416416416416416,6.9,4.125,2.770512,3.9824474,3.9520617,4.367311
0.6426426426426426,6.9,4.125,2.7748957,3.9824474,3.9592395,4.367311
0.6436436436436437,6.9,4.125,2.7748957,3.9920926,3.9611564,4.4028673
0.6446446446446447,6.9,4.125,2.7938473,3.9920926,3.9611564,4.4028673
0.6456456456456456,6.9,4.125,2.7938473,3.9920926,3.961608,4.4154754
0.6466466466466466,7.0,4.1875,2.7938473,4.0330257,3.9670997,4.4154754
0.6476476476476476,7.0,4.1875,2.8122115,4.0330257,3.9692662,4.4229937
0.6486486486486487,7.0,4.1875,2.8122115,4.043357,3.9692662,4.4229937
0.6496496496496497,7.0,4.1875,2.8202055,4.043357,3.985657,4.4229937
0.6506506506506506,7.0,4.1875,2.8202055,4.043357,3.98599,4.438364
0.6516516516516516,7.0,4.1875,2.8278217,4.0858846,3.98599,4.438364
0.6526526526526526,7.0,4.1875,2.8278217,4.0858846,4.003627,4.449989
0.6536536536536537,7.1,4.1875,2.8278217,4.103943,4.0233808,4.449989
0.6546546546546547,7.1,4.1875,2.8863022,4.103943,4.0233808,4.451175
0.6556556556556556,7.1,4.25,2.8863022,4.103943,4.0278006,4.451175
0.6566566566566566,7.1,4.25,2.8956873,4.1242414,4.037521,4.477963
0.6576576576576576,7.2,4.3125,2.8956873,4.1242414,4.0709863,4.477963
0.6586586586586587,7.2,4.3125,2.8956873,4.1264925,4.0709863,4.477963
0.6596596596596597,7.2,4.3125,2.9395132,4.1264925,4.074533,4.4979963
0.6606606606606606,7.2,4.3125,2.9395132,4.1264925,4.0751605,4.4979963
0.6616616616616616,7.2,4.3125,2.9513526,4.14012,4.0751605,4.5008545
0.6626626626626626,7.2,4.3125,2.9513526,4.14012,4.0893264,4.5008545
0.6636636636636637,7.2,4.3125,2.9538095,4.1561584,4.090108,4.5082355
0.6646646646646647,7.2,4.3125,2.9538095,4.1561584,4.090108,4.5082355
0.6656656656656657,7.2,4.375,2.9538095,4.1561584,4.1308002,4.5082355
0.6666666666666666,7.2,4.375,2.9793584,4.172345,4.136537,4.5329695
0.6676676676676676,7.2,4.375,2.9793584,4.172345,4.148201,4.5329695
0.6686686686686687,7.2,4.375,2.9849834,4.1772523,4.148201,4.548183
0.6696696696696697,7.2,4.375,2.9849834,4.1772523,4.1499395,4.548183
0.6706706706706707,7.2,4.375,2.9871566,4.1772523,4.161239,4.600698
0.6716716716716716,7.3,4.375,2.9871566,4.187956,4.161239,4.600698
0.6726726726726726,7.3,4.375,2.9871566,4.187956,4.1656513,4.600698
0.6736736736736737,7.3,4.4375,3.011395,4.1985855,4.2028546,4.621301
0.6746746746746747,7.3,4.4375,3.011395,4.1985855,4.2028546,4.621301
0.6756756756756757,7.3,4.4375,3.0123615,4.1985855,4.204858,4.6707587
0.6766766766766766,7.3,4.4375,3.0123615,4.2076225,4.232062,4.6707587
0.6776776776776777,7.3,4.4375,3.0123615,4.2076225,4.2530236,4.70098
0.6786786786786787,7.3,4.4375,3.047401,4.2449045,4.2530236,4.70098
0.6796796796796797,7.4,4.4375,3.047401,4.2449045,4.265509,4.70098
0.6806806806806807,7.4,4.4375,3.074172,4.2449045,4.320421,4.7035623
0.6816816816816816,7.4,4.4375,3.074172,4.2656927,4.320421,4.7035623
0.6826826826826827,7.5,4.4375,3.1046143,4.2656927,4.3370724,4.7266016
0.6836836836836837,7.5,4.5,3.1046143,4.3161197,4.3420143,4.7266016
0.6846846846846847,7.5,4.5,3.1046143,4.3161197,4.3420143,4.7334714
0.6856856856856857,7.5,4.5,3.1061568,4.3161197,4.355247,4.7334714
0.6866866866866866,7.5,4.5,3.1061568,4.385241,4.387587,4.7334714
0.6876876876876877,7.5,4.5,3.1164708,4.385241,4.4204473,4.740943
0.6886886886886887,7.5,4.5,3.1164708,4.390778,4.4204473,4.740943
0.6896896896896897,7.5,4.625,3.1164708,4.390778,4.433441,4.741454
0.6906906906906907,7.9,4.625,3.1177762,4.390778,4.5045276,4.741454
0.6916916916916916,7.9,4.625,3.1177762,4.416513,4.5045276,4.7432537
0.6926926926926927,7.9,4.625,3.1498902,4.416513,4.519324,4.7432537
0.6936936936936937,8.1,4.625,3.1498902,4.5930414,4.6128707,4.7432537
0.6946946946946947,8.1,4.625,3.1660728,4.5930414,4.6128707,4.7445292
0.6956956956956957,8.1,4.6875,3.1660728,4.5930414,4.621621,4.7445292
0.6966966966966966,8.1,4.6875,3.1660728,4.598284,4.646799,4.747503
0.6976976976976977,8.1,4.6875,3.1868193,4.598284,4.646799,4.747503
0.6986986986986987,8.1,4.75,3.1868193,4.607913,4.690482,4.7500334
0.6996996996996997,8.1,4.75,3.2151787,4.607913,4.697427,4.7500334
0.7007007007007007,8.1,4.75,3.2151787,4.607913,4.783827,4.7908397
0.7017017017017017,8.2,4.75,3.228443,4.6771693,4.783827,4.7908397
0.7027027027027027,8.2,4.8125,3.228443,4.6771693,4.784553,4.7908397
0.7037037037037037,8.2,4.8125,3.228443,4.7399883,4.7901444,4.8367453
0.7047047047047047,8.3,4.875,3.2327347,4.7399883,4.7901444,4.8367453
0.7057057057057057,8.3,4.875,3.2327347,4.7399883,4.809151,4.8514714
0.7067067067067067,8.3,4.875,3.3259823,4.788976,4.8373275,4.8514714
0.7077077077077077,8.3,4.875,3.3259823,4.788976,4.8373275,4.86249
0.7087087087087087,8.3,4.875,3.3259823,4.795736,4.845612,4.86249
0.7097097097097097,8.3,4.875,3.3331437,4.795736,4.927986,4.86249
0.7107107107107107,8.3,4.875,3.3331437,4.795736,4.92836,4.8716345
0.7117117117117117,8.4,4.875,3.341779,4.8139725,4.92836,4.8716345
0.7127127127127127,8.4,4.9375,3.341779,4.8139725,4.952402,4.89254
0.7137137137137137,8.4,4.9375,3.3477538,4.843822,4.953352,4.89254
0.7147147147147147,8.4,5.0625,3.3477538,4.843822,4.953352,4.8973813
0.7157157157157157,9.2,5.0625,3.3477538,4.877539,4.962433,4.8973813
0.7167167167167167,9.2,5.125,3.3682191,4.877539,5.012593,4.8973813
0.7177177177177178,9.2,5.125,3.3682191,4.877539,5.012593,4.9289083
0.7187187187187187,9.2,5.1875,3.390464,4.894495,5.01316,4.9289083
0.7197197197197197,9.6,5.1875,3.390464,4.894495,5.048714,4.9556565
0.7207207207207207,9.6,5.25,3.390464,4.9105234,5.0764437,4.9556565
0.7217217217217217,9.6,5.25,3.4041398,4.9105234,5.0764437,4.962209
0.7227227227227228,9.6,5.375,3.4041398,4.9105234,5.091882,4.962209
0.7237237237237237,9.6,5.375,3.4050128,4.97074,5.0990157,4.962209
0.7247247247247247,9.6,5.4375,3.4050128,4.97074,5.0990157,4.9834976
0.7257257257257257,9.6,5.4375,3.4084756,5.0051956,5.1097765,4.9834976
0.7267267267267267,9.7,5.5,3.4084756,5.0051956,5.1219673,5.0335326
0.7277277277277278,9.7,5.5,3.4084756,5.0051956,5.1219673,5.0335326
0.7287287287287287,9.7,5.5,3.4256988,5.0131207,5.1272197,5.0476284
0.7297297297297297,9.7,5.5,3.4256988,5.0131207,5.1335597,5.0476284
0.7307307307307307,9.9,5.5,3.4461434,5.06657,5.1336226,5.0476284
0.7317317317317317,9.9,5.5,3.4461434,5.06657,5.1336226,5.0578156
0.7327327327327328,9.9,5.5625,3.469116,5.06657,5.135911,5.0578156
0.7337337337337337,10.0,5.5625,3.469116,5.090603,5.154562,5.0590954
0.7347347347347347,10.0,5.5625,3.469116,5.090603,5.154562,5.0590954
0.7357357357357357,10.0,5.5625,3.4995956,5.1612673,5.156239,5.1042547
0.7367367367367368,10.0,5.625,3.4995956,5.1612673,5.159225,5.1042547
0.7377377377377378,10.0,5.625,3.5392501,5.1612673,5.159225,5.1042547
0.7387387387387387,10.0,5.625,3.5392501,5.176004,5.168572,5.1176023
0.7397397397397397,10.0,5.625,3.5392501,5.176004,5.1710205,5.1176023
0.7407407407407407,10.0,5.625,3.5533743,5.179437,5.18871,5.171194
0.7417417417417418,10.1,5.75,3.5533743,5.179437,5.18871,5.171194
0.7427427427427428,10.1,5.75,3.564209,5.179437,5.2059937,5.210795
0.7437437437437437,10.1,5.75,3.564209,5.207454,5.217395,5.210795
0.7447447447447447,10.4,5.75,3.5676057,5.207454,5.217395,5.210795
0.7457457457457457,10.4,5.8125,3.5676057,5.224888,5.221259,5.231513
0.7467467467467468,10.4,5.8125,3.5676057,5.224888,5.269814,5.231513
0.7477477477477478,10.4,5.8125,3.6206064,5.224888,5.269814,5.3795133
0.7487487487487487,10.4,5.8125,3.6206064,5.2251124,5.3041244,5.3795133
0.7497497497497497,10.4,5.8125,3.6579826,5.2251124,5.362085,5.463083
0.7507507507507507,10.4,5.8125,3.6579826,5.2410645,5.380348,5.463083
0.7517517517517518,10.4,5.875,3.6579826,5.2410645,5.380348,5.473421
0.7527527527527528,10.4,5.875,3.6722236,5.2410645,5.383753,5.473421
0.7537537537537538,10.4,5.875,3.6722236,5.2664433,5.39086,5.473421
0.7547547547547547,10.4,5.875,3.6932278,5.2664433,5.39086,5.5726495
0.7557557557557557,10.4,5.875,3.6932278,5.2690597,5.40841,5.5726495
0.7567567567567568,10.4,5.875,3.7076547,5.2690597,5.409715,5.5971036
0.7577577577577578,10.4,5.9375,3.7076547,5.2690597,5.409715,5.5971036
0.7587587587587588,10.4,5.9375,3.7076547,5.2721114,5.4275494,5.6479673
0.7597597597597597,10.5,5.9375,3.7345204,5.2721114,5.452371,5.6479673
0.7607607607607607,10.5,5.9375,3.7345204,5.2815905,5.4880724,5.6479673
0.7617617617617618,10.5,6.0,3.7667096,5.2815905,5.4880724,5.6494865
0.7627627627627628,10.5,6.0,3.7667096,5.2815905,5.5125923,5.6494865
0.7637637637637638,10.6,6.0,3.7862868,5.320678,5.52307,5.65232
0.7647647647647647,10.6,6.0,3.7862868,5.320678,5.52307,5.65232
0.7657657657657657,10.6,6.0625,3.7862868,5.3417444,5.539687,5.7310333
0.7667667667667668,10.7,6.0625,3.795405,5.3417444,5.5572066,5.7310333
0.7677677677677678,10.7,6.0625,3.795405,5.3417444,5.5572066,5.7310333
0.7687687687687688,10.7,6.0625,3.817764,5.355621,5.58859,5.744859
0.7697697697697697,10.7,6.125,3.817764,5.355621,5.6161714,5.744859
0.7707707707707707,10.7,6.125,3.817764,5.4108877,5.6161714,5.758107
0.7717717717717718,10.7,6.125,3.8554146,5.4108877,5.651419,5.758107
0.7727727727727728,10.7,6.125,3.8554146,5.4108877,5.6551285,5.7662377
0.7737737737737738,10.8,6.1875,3.8670015,5.4863205,5.6774983,5.7662377
0.7747747747747747,10.8,6.1875,3.8670015,5.4863205,5.6774983,5.7662377
0.7757757757757757,10.8,6.1875,3.9183886,5.487819,5.682542,5.7759166
0.7767767767767768,10.8,6.1875,3.9183886,5.487819,5.766502,5.7759166
0.7777777777777778,10.8,6.1875,3.9183886,5.487819,5.766502,5.8085256
0.7787787787787788,10.8,6.1875,3.9197195,5.5241036,5.782603,5.8085256
0.7797797797797797,10.8,6.1875,3.9197195,5.5241036,5.790511,5.818738
0.7807807807807807,10.8,6.1875,3.961238,5.5341144,5.790511,5.818738
0.7817817817817818,10.9,6.25,3.961238,5.5341144,5.7975826,5.818738
0.7827827827827828,10.9,6.3125,3.961238,5.5341144,5.8146677,5.9545407
0.7837837837837838,10.9,6.3125,3.9753854,5.6013002,5.830278,5.9545407
0.7847847847847848,11.1,6.375,3.9753854,5.6013002,5.830278,5.9725146
0.7857857857857857,11.1,6.375,3.9766238,5.664487,5.8540106,5.9725146
0.7867867867867868,11.1,6.4375,3.9766238,5.664487,5.8643327,6.06186
0.7877877877877878,11.1,6.4375,3.9930649,5.664487,5.8643327,6.06186
0.7887887887887888,11.2,6.4375,3.9930649,5.84256,5.8802733,6.06186
0.7897897897897898,11.2,6.4375,3.9930649,5.84256,5.9059196,6.0630946
0.7907907907907907,11.2,6.4375,4.015881,5.8624396,5.9059196,6.0630946
0.7917917917917918,11.2,6.4375,4.015881,5.8624396,6.072964,6.068439
0.7927927927927928,11.3,6.5,4.022603,5.8624396,6.0766397,6.068439
0.7937937937937938,11.3,6.5,4.022603,5.8819404,6.092661,6.158075
0.7947947947947948,11.3,6.5,4.02539,5.8819404,6.092661,6.158075
0.7957957957957957,11.4,6.5,4.02539,5.9016476,6.096547,6.158075
0.7967967967967968,11.4,6.5,4.02539,5.9016476,6.104534,6.2128615
0.7977977977977978,11.4,6.5,4.027499,5.9016476,6.104534,6.2128615
0.7987987987987988,11.4,6.625,4.027499,5.9895873,6.1051674,6.2663093
0.7997997997997998,11.7,6.625,4.0388703,5.9895873,6.1146197,6.2663093
0.8008008008008007,11.7,6.6875,4.0388703,6.0044503,6.1146197,6.307789
0.8018018018018018,11.7,6.6875,4.0388703,6.0044503,6.179871,6.307789
0.8028028028028028,11.7,6.6875,4.064965,6.0044503,6.228039,6.421648
0.8038038038038038,12.1,6.6875,4.064965,6.075153,6.253609,6.421648
0.8048048048048048,12.1,6.875,4.093682,6.075153,6.253609,6.421648
0.8058058058058059,12.1,6.875,4.093682,6.1989026,6.254388,6.4374385
0.8068068068068068,12.6,6.875,4.130053,6.1989026,6.3673744,6.4374385
0.8078078078078078,12.6,6.875,4.130053,6.1989026,6.3673744,6.4730835
0.8088088088088088,12.6,6.9375,4.130053,6.2501163,6.4204564,6.4730835
0.8098098098098098,12.6,6.9375,4.14311,6.2501163,6.4933786,6.5174932
0.8108108108108109,12.6,7.0,4.14311,6.283332,6.4933786,6.5174932
0.8118118118118118,12.6,7.0,4.156261,6.283332,6.5009456,6.5174932
0.8128128128128128,12.6,7.0,4.156261,6.283332,6.52218,6.5635047
0.8138138138138138,12.6,7.0,4.156261,6.322115,6.5733447,6.5635047
0.8148148148148148,12.7,7.0,4.1961975,6.322115,6.5733447,6.6526594
0.8158158158158159,12.7,7.0,4.1961975,6.3279414,6.6071577,6.6526594
0.8168168168168168,12.7,7.0,4.22269,6.3279414,6.621936,6.707236
0.8178178178178178,12.9,7.0,4.22269,6.3279414,6.621936,6.707236
0.8188188188188188,12.9,7.0625,4.247197,6.3795896,6.658611,6.707236
0.8198198198198198,12.9,7.0625,4.247197,6.3795896,6.7119823,6.728184
0.8208208208208209,12.9,7.0625,4.247197,6.3913717,6.7119823,6.728184
0.8218218218218218,13.0,7.0625,4.2781234,6.3913717,6.738372,6.7556157
0.8228228228228228,13.0,7.0625,4.2781234,6.3913717,6.74724,6.7556157
0.8238238238238238,13.0,7.0625,4.292961,6.533745,6.7560225,6.834828
0.8248248248248248,13.0,7.125,4.292961,6.533745,6.7560225,6.834828
0.8258258258258259,13.0,7.125,4.2955317,6.559606,6.7918625,6.834828
0.8268268268268268,13.0,7.125,4.2955317,6.559606,6.8128586,6.861302
0.8278278278278278,13.0,7.125,4.2955317,6.559606,6.8128586,6.861302
0.8288288288288288,13.2,7.125,4.3877807,6.580704,6.832788,6.936934
0.8298298298298298,13.2,7.125,4.3877807,6.580704,6.8735924,6.936934
0.8308308308308309,13.2,7.125,4.38797,6.5831156,6.8735924,7.049997
0.8318318318318318,13.2,7.1875,4.38797,6.5831156,6.876915,7.049997
0.8328328328328328,13.3,7.1875,4.38797,6.5831156,6.917521,7.049997
0.8338338338338338,13.3,7.25,4.425393,6.593278,6.9243093,7.074843
0.8348348348348348,13.3,7.25,4.425393,6.593278,6.9243093,7.074843
0.8358358358358359,13.6,7.25,4.4636083,6.691407,6.961428,7.1913295
0.8368368368368369,13.6,7.25,4.4636083,6.691407,6.965224,7.1913295
0.8378378378378378,13.6,7.4375,4.4843493,6.691407,6.965224,7.227256
0.8388388388388388,13.6,7.4375,4.4843493,6.9012775,6.9777145,7.227256
0.8398398398398398,13.7,7.4375,4.4843493,6.9012775,6.9788136,7.227256
0.8408408408408409,13.7,7.4375,4.6107693,6.96824,6.9788136,7.2487516
0.8418418418418419,13.7,7.5,4.6107693,6.96824,6.9846873,7.2487516
0.8428428428428428,13.7,7.5,4.7162943,6.96824,6.9904046,7.2706456
0.8438438438438438,13.8,7.5625,4.7162943,7.100996,7.014367,7.2706456
0.8448448448448448,13.8,7.5625,4.7162943,7.100996,7.014367,7.2900324
0.8458458458458459,13.8,7.6875,4.752966,7.1984177,7.081091,7.2900324
0.8468468468468469,13.9,7.6875,4.752966,7.1984177,7.0861416,7.2900324
0.8478478478478478,13.9,7.6875,4.765407,7.1984177,7.0861416,7.350473
0.8488488488488488,13.9,7.6875,4.765407,7.24318,7.0939436,7.350473
0.8498498498498498,13.9,7.6875,4.7918215,7.24318,7.250917,7.5385942
0.8508508508508509,14.0,7.6875,4.7918215,7.288405,7.250917,7.5385942
0.8518518518518519,14.0,7.75,4.7918215,7.288405,7.252023,7.541054
0.8528528528528528,14.0,7.75,4.811249,7.288405,7.266333,7.541054
0.8538538538538538,14.0,7.875,4.811249,7.3838687,7.266333,7.624539
0.8548548548548548,14.4,7.875,4.8894076,7.3838687,7.326014,7.624539
0.8558558558558559,14.4,7.9375,4.8894076,7.4918385,7.326785,7.624539
0.8568568568568569,14.4,7.9375,4.919683,7.4918385,7.3752894,7.6656685
0.8578578578578578,14.4,8.0,4.919683,7.5182695,7.3752894,7.6656685
0.8588588588588588,14.4,8.0,4.919683,7.5182695,7.3763423,7.716134
0.8598598598598598,14.4,8.0,4.923733,7.5182695,7.391393,7.716134
0.8608608608608609,14.4,8.0,4.923733,7.690472,7.391393,7.970458
0.8618618618618619,14.7,8.0,4.9432807,7.690472,7.4338417,7.970458
0.8628628628628628,14.7,8.0,4.9432807,7.776889,7.4543,7.970458
0.8638638638638638,14.7,8.0625,4.9432807,7.776889,7.4543,8.142778
0.8648648648648649,14.7,8.0625,4.9509025,7.776889,7.5178638,8.142778
0.8658658658658659,14.8,8.375,4.9509025,7.86174,7.5266185,8.155189
0.8668668668668669,14.8,8.375,4.990525,7.86174,7.5646667,8.155189
0.8678678678678678,14.8,8.4375,4.990525,7.9213796,7.5646667,8.218057
0.8688688688688688,15.2,8.4375,4.999042,7.9213796,7.618148,8.218057
0.8698698698698699,15.2,8.6875,4.999042,7.9213796,7.6213613,8.218057
0.8708708708708709,15.2,8.75,4.999042,7.9317126,7.6213613,8.306862
0.8718718718718719,15.2,8.75,5.044158,7.9317126,7.6289725,8.306862
0.8728728728728729,15.6,8.875,5.044158,7.9426413,7.644433,8.331958
0.8738738738738738,15.6,8.875,5.1334224,7.9426413,7.644433,8.331958
0.8748748748748749,15.6,9.0,5.1334224,7.9426413,7.707381,8.56149
0.8758758758758759,15.6,9.0,5.1334224,8.260411,7.7444596,8.56149
0.8768768768768769,15.7,9.0625,5.175831,8.260411,7.826495,8.56149
0.8778778778778779,15.7,9.0625,5.175831,8.270201,7.826495,8.642364
0.8788788788788788,15.7,9.0625,5.182841,8.270201,7.8748884,8.642364
0.8798798798798799,16.2,9.0625,5.182841,8.270201,7.8940444,8.815928
0.8808808808808809,16.2,9.25,5.1994557,8.310804,7.8940444,8.815928
0.8818818818818819,16.2,9.25,5.1994557,8.310804,7.9151506,8.945548
0.8828828828828829,16.2,9.3125,5.1994557,8.426305,7.920084,8.945548
0.8838838838838838,16.3,9.3125,5.2399225,8.426305,7.920084,8.945548
0.8848848848848849,16.3,9.3125,5.2399225,8.426305,8.019494,8.999206
0.8858858858858859,16.3,9.3125,5.248111,8.499512,8.047652,8.999206
0.8868868868868869,16.5,9.375,5.248111,8.499512,8.0568,9.044854
0.8878878878878879,16.5,9.375,5.271573,8.666329,8.0568,9.044854
0.8888888888888888,16.5,9.4375,5.271573,8.666329,8.078502,9.061118
0.8898898898898899,16.5,9.4375,5.271573,8.666329,8.140729,9.061118
0.8908908908908909,16.8,9.5,5.368765,8.676002,8.140729,9.061118
0.8918918918918919,16.8,9.5,5.368765,8.676002,8.194118,9.125603
0.8928928928928929,16.8,9.5625,5.4140563,8.742517,8.242332,9.125603
0.8938938938938938,16.8,9.5625,5.4140563,8.742517,8.242332,9.139795
0.8948948948948949,17.0,9.9375,5.4140563,8.742517,8.349498,9.139795
0.8958958958958959,17.0,9.9375,5.4739075,8.819767,8.38872,9.17355
0.8968968968968969,17.0,10.0,5.4739075,8.819767,8.415679,9.17355
0.8978978978978979,17.0,10.0,5.4874935,9.023765,8.415679,9.17355
0.8988988988988988,17.0,10.0,5.4874935,9.023765,8.453798,9.331654
0.8998998998998999,17.0,10.0,5.6563144,9.023765,8.492375,9.331654
0.9009009009009009,17.0,10.125,5.6563144,9.177923,8.492375,9.438914
0.9019019019019019,17.2,10.125,5.6563144,9.177923,8.805276,9.438914
0.9029029029029029,17.2,10.1875,5.7515316,9.351818,8.916036,9.519865
0.9039039039039038,17.2,10.1875,5.7515316,9.351818,8.916036,9.519865
0.9049049049049049,17.2,10.25,5.752237,9.351818,8.9429655,9.723948
0.9059059059059059,17.2,10.25,5.752237,9.355311,9.193279,9.723948
0.9069069069069069,17.2,10.3125,5.752237,9.355311,9.252929,9.723948
0.9079079079079079,17.2,10.3125,5.7595387,9.35611,9.252929,9.89188
0.9089089089089089,17.2,10.4375,5.7595387,9.35611,9.319554,9.89188
0.9099099099099099,17.2,10.4375,5.763575,9.35611,9.499923,9.915816
0.9109109109109109,17.2,10.5,5.763575,9.467666,9.499923,9.915816
0.9119119119119119,17.2,10.5,5.8927603,9.467666,9.55362,9.949132
0.9129129129129129,17.3,10.5625,5.8927603,9.538866,9.609959,9.949132
0.9139139139139139,17.3,10.8125,5.8927603,9.538866,9.609959,9.949132
0.914914914914915,17.3,10.8125,5.8939495,9.538866,9.703258,10.123522
0.9159159159159159,17.3,10.875,5.8939495,10.000805,9.750779,10.123522
0.9169169169169169,17.4,10.875,6.0058594,10.000805,9.79332,10.207578
0.9179179179179179,17.4,11.0,6.0058594,10.007489,9.79332,10.207578
0.9189189189189189,17.4,11.0,6.215594,10.007489,9.851307,10.507279
0.91991991991992,17.5,11.0,6.215594,10.007489,10.107802,10.507279
0.9209209209209209,17.5,11.0,6.215594,10.048424,10.107802,10.507279
0.9219219219219219,17.5,11.375,6.2898774,10.048424,10.245753,10.687593
0.9229229229229229,17.5,11.375,6.2898774,10.0841,10.322201,10.687593
0.9239239239239239,17.5,11.4375,6.322068,10.0841,10.322201,10.789296
0.924924924924925,17.5,11.4375,6.322068,10.0841,10.377133,10.789296
0.9259259259259259,17.5,11.625,6.322068,10.219478,10.421864,10.863953
0.9269269269269269,17.5,11.625,6.44014,10.219478,10.421864,10.863953
0.9279279279279279,17.5,11.6875,6.44014,10.403029,10.437673,10.863953
0.9289289289289289,17.5,11.6875,6.539842,10.403029,10.437859,10.982218
0.92992992992993,17.5,11.8125,6.539842,10.403029,10.449243,10.982218
0.9309309309309309,17.7,11.8125,6.6959414,10.410754,10.449243,11.04767
0.9319319319319319,17.7,11.9375,6.6959414,10.410754,10.480338,11.04767
0.9329329329329329,17.7,11.9375,6.6959414,10.865122,10.507865,11.309871
0.933933933933934,17.7,11.9375,7.0044346,10.865122,10.507865,11.309871
0.934934934934935,17.9,11.9375,7.0044346,10.865122,10.570878,11.309871
0.9359359359359359,17.9,12.125,7.10184,11.238402,10.710385,11.460249
0.9369369369369369,17.9,12.125,7.10184,11.238402,10.710385,11.460249
0.9379379379379379,17.9,12.4375,7.10184,11.390345,10.757202,11.70957
0.938938938938939,18.5,12.4375,7.1277184,11.390345,10.800488,11.70957
0.93993993993994,18.5,12.4375,7.1277184,11.390345,11.09553,11.818797
0.9409409409409409,18.5,12.4375,7.140549,11.395321,11.09553,11.818797
0.9419419419419419,18.6,12.5625,7.140549,11.395321,11.170575,11.818797
0.9429429429429429,18.6,12.5625,7.144015,11.416384,11.23186,11.901329
0.943943943943944,18.6,12.8125,7.144015,11.416384,11.23186,11.901329
0.944944944944945,18.6,12.8125,7.144015,11.416384,11.446535,12.055134
0.9459459459459459,18.9,13.0625,7.2322516,11.458208,11.4728365,12.055134
0.9469469469469469,18.9,13.0625,7.2322516,11.458208,11.4728365,12.083179
0.9479479479479479,18.9,13.25,7.313291,11.484981,11.4839735,12.083179
0.948948948948949,20.3,13.25,7.313291,11.484981,11.607084,12.083179
0.94994994994995,20.3,13.75,7.3257565,11.484981,11.731617,12.093526
0.950950950950951,20.3,13.75,7.3257565,11.838856,11.731617,12.093526
0.9519519519519519,20.3,14.0625,7.3257565,11.838856,11.749684,12.621634
0.9529529529529529,20.3,14.0625,7.326467,11.936152,11.767786,12.621634
0.953953953953954,20.3,14.375,7.326467,11.936152,11.767786,12.705116
0.954954954954955,20.3,14.375,7.4613934,11.936152,11.76859,12.705116
0.955955955955956,20.3,14.5,7.4613934,12.365361,11.826554,12.889129
0.9569569569569569,20.9,14.875,7.4613934,12.365361,11.826554,12.889129
0.9579579579579579,20.9,14.875,7.4801984,12.63164,11.983606,12.889129
0.958958958958959,20.9,15.25,7.4801984,12.63164,12.026626,13.214543
0.95995995995996,21.8,15.25,7.5246305,12.63164,12.357995,13.214543
0.960960960960961,21.8,15.5,7.5246305,12.64666,12.357995,13.8885145
0.9619619619619619,21.8,15.5,7.6793346,12.64666,12.591215,13.8885145
0.9629629629629629,21.8,15.9375,7.6793346,12.877943,12.601301,14.039058
0.963963963963964,22.2,15.9375,7.6793346,12.877943,12.601301,14.039058
0.964964964964965,22.2,16.125,7.794332,12.877943,12.6112795,14.039058
0.965965965965966,22.2,16.125,7.794332,13.193509,12.613478,14.988149
0.9669669669669669,22.2,16.375,7.815741,13.193509,12.613478,14.988149
0.9679679679679679,25.4,16.375,7.815741,13.339802,12.797112,14.994497
0.968968968968969,25.4,16.4375,7.815741,13.339802,12.993153,14.994497
0.96996996996997,25.4,16.4375,7.952958,13.339802,13.155793,15.003084
0.970970970970971,26.5,16.875,7.952958,13.523533,13.155793,15.003084
0.9719719719719719,26.5,16.875,8.248056,13.523533,13.331869,15.003084
0.9729729729729729,26.5,18.125,8.248056,13.657326,13.911232,15.043353
0.973973973973974,26.5,18.125,8.295932,13.657326,13.911232,15.043353
0.974974974974975,31.0,18.25,8.295932,13.657326,14.066765,15.470411
0.975975975975976,31.0,18.25,8.295932,13.6593,14.09203,15.470411
0.9769769769769769,31.0,18.3125,8.358978,13.6593,14.09203,15.477234
0.9779779779779779,31.0,18.3125,8.358978,13.956528,14.279122,15.477234
0.978978978978979,32.3,18.625,8.373624,13.956528,14.605682,15.477234
0.97997997997998,32.3,18.625,8.373624,13.956528,15.059052,15.838615
0.980980980980981,32.3,18.8125,8.872439,14.092383,15.059052,15.838615
0.9819819819819819,32.7,18.8125,8.872439,14.092383,16.227066,16.02754
0.9829829829829829,32.7,19.4375,8.872439,14.667752,16.389458,16.02754
0.983983983983984,32.7,19.4375,8.958241,14.667752,16.389458,16.373474
0.984984984984985,32.7,20.0,8.958241,14.667752,16.840496,16.373474
0.985985985985986,42.4,20.0,9.722077,16.953817,16.894648,16.373474
0.986986986986987,42.4,21.25,9.722077,16.953817,16.894648,16.701015
0.9879879879879879,42.4,21.25,9.722077,17.24982,17.652002,16.701015
0.988988988988989,42.4,23.25,9.838045,17.24982,17.68859,17.227623
0.98998998998999,44.9,23.25,9.838045,17.24982,18.386448,17.227623
0.990990990990991,44.9,23.5,10.047545,17.309017,18.386448,17.62486
0.991991991991992,44.9,23.5,10.047545,17.309017,18.54739,17.62486
0.992992992992993,57.8,24.0,10.450548,18.36651,18.550219,17.62486
0.993993993993994,57.8,24.0,10.450548,18.36651,18.550219,18.931946
0.994994994994995,57.8,27.1875,10.450548,18.36651,18.706596,18.931946
0.995995995995996,57.8,27.1875,10.4802,20.406748,19.758139,19.336926
0.996996996996997,59.4,27.375,10.4802,20.406748,19.758139,19.336926
0.997997997997998,59.4,27.375,11.523353,20.804728,20.051271,21.055336
0.998998998998999,59.4,33.4375,11.523353,20.804728,20.166134,21.055336
1.0,60.2,52.1875,11.81153,21.15176,20.98623,24.80295
